1014,Spring 2001
1024,Spring 2002
1034,Spring 2003
1044,Spring 2004
1054,Spring 2005
1064,Spring 2006
1074,Spring 2007
1084,Spring 2008
1094,Spring 2009
1104,Spring 2010
1114,Spring 2011
1124,Spring 2012
1134,Spring 2013
1144,Spring 2014
1154,Spring 2015
1164,Spring 2016
1174,Spring 2017
1184,Spring 2018
1194,Spring 2019
1204,Spring 2020
1214,Spring 2021
1224,Spring 2022
1234,Spring 2023
1244,Spring 2024
1254,Spring 2025
1264,Spring 2026
1274,Spring 2027
1284,Spring 2028
1294,Spring 2029
1304,Spring 2030
1314,Spring 2031
1324,Spring 2032
1334,Spring 2033
1344,Spring 2034
1354,Spring 2035
1364,Spring 2036
1374,Spring 2037
1384,Spring 2038
1394,Spring 2039
1404,Spring 2040
1414,Spring 2041
1424,Spring 2042
1434,Spring 2043
1444,Spring 2044
1454,Spring 2045
1464,Spring 2046
1474,Spring 2047
1484,Spring 2048
1494,Spring 2049
1504,Spring 2050
1016,Summer 2001
1026,Summer 2002
1036,Summer 2003
1046,Summer 2004
1056,Summer 2005
1066,Summer 2006
1076,Summer 2007
1086,Summer 2008
1096,Summer 2009
1106,Summer 2010
1116,Summer 2011
1126,Summer 2012
1136,Summer 2013
1146,Summer 2014
1156,Summer 2015
1166,Summer 2016
1176,Summer 2017
1186,Summer 2018
1196,Summer 2019
1206,Summer 2020
1216,Summer 2021
1226,Summer 2022
1236,Summer 2023
1246,Summer 2024
1256,Summer 2025
1266,Summer 2026
1276,Summer 2027
1286,Summer 2028
1296,Summer 2029
1306,Summer 2030
1316,Summer 2031
1326,Summer 2032
1336,Summer 2033
1346,Summer 2034
1356,Summer 2035
1366,Summer 2036
1376,Summer 2037
1386,Summer 2038
1396,Summer 2039
1406,Summer 2040
1416,Summer 2041
1426,Summer 2042
1436,Summer 2043
1446,Summer 2044
1456,Summer 2045
1466,Summer 2046
1476,Summer 2047
1486,Summer 2048
1496,Summer 2049
1506,Summer 2050
1022,Fall 2001
1032,Fall 2002
1042,Fall 2003
1052,Fall 2004
1062,Fall 2005
1072,Fall 2006
1082,Fall 2007
1092,Fall 2008
1102,Fall 2009
1112,Fall 2010
1122,Fall 2011
1132,Fall 2012
1142,Fall 2013
1152,Fall 2014
1162,Fall 2015
1172,Fall 2016
1182,Fall 2017
1192,Fall 2018
1202,Fall 2019
1212,Fall 2020
1222,Fall 2021
1232,Fall 2022
1242,Fall 2023
1252,Fall 2024
1262,Fall 2025
1272,Fall 2026
1282,Fall 2027
1292,Fall 2028
1302,Fall 2029
1312,Fall 2030
1322,Fall 2031
1332,Fall 2032
1342,Fall 2033
1352,Fall 2034
1362,Fall 2035
1372,Fall 2036
1382,Fall 2037
1392,Fall 2038
1402,Fall 2039
1412,Fall 2040
1422,Fall 2041
1432,Fall 2042
1442,Fall 2043
1452,Fall 2044
1462,Fall 2045
1472,Fall 2046
1482,Fall 2047
1492,Fall 2048
1502,Fall 2049
1512,Fall 2050
